{"cameraMode":{"drawMode":0,"name":"Shaded","section":"Shading Mode"},"sceneLighting":false,"audioPlay":false,"sceneViewState":{"showFog":true,"showMaterialUpdate":false,"showSkybox":true,"showFlares":true,"showImageEffects":true,"showParticleSystems":true},"in2DMode":false,"pivot":{"x":-15.845162391662598,"y":-1.3845224380493165,"z":1.1072025299072266},"rotation":{"x":-0.12516643106937409,"y":0.690377950668335,"z":-0.12438865751028061,"w":-0.7022133469581604},"size":8.121018409729004,"orthographic":false}