{"cameraMode":{"drawMode":0,"name":"Shaded","section":"Shading Mode"},"sceneLighting":false,"audioPlay":false,"sceneViewState":{"showFog":true,"showMaterialUpdate":false,"showSkybox":true,"showFlares":true,"showImageEffects":true,"showParticleSystems":true},"in2DMode":false,"pivot":{"x":0.03511412814259529,"y":0.3806874752044678,"z":-3.510986328125},"rotation":{"x":0.07225221395492554,"y":0.002979035722091794,"z":-0.0003457416605670005,"w":0.9974661469459534},"size":1.3578839302062989,"orthographic":false}