{"cameraMode":{"drawMode":0,"name":"Shaded","section":"Shading Mode"},"sceneLighting":false,"audioPlay":false,"sceneViewState":{"showFog":true,"showMaterialUpdate":false,"showSkybox":true,"showFlares":true,"showImageEffects":true,"showParticleSystems":true},"in2DMode":false,"pivot":{"x":-1.5493072271347047,"y":3.3977465629577638,"z":7.5574469566345219},"rotation":{"x":0.002489777747541666,"y":0.3887798488140106,"z":0.0010193402413278819,"w":-0.921394407749176},"size":3.146310806274414,"orthographic":false}