{"cameraMode":{"drawMode":0,"name":"Shaded","section":"Shading Mode"},"sceneLighting":false,"audioPlay":false,"sceneViewState":{"showFog":true,"showMaterialUpdate":false,"showSkybox":true,"showFlares":true,"showImageEffects":true,"showParticleSystems":true},"in2DMode":false,"pivot":{"x":0.6538915038108826,"y":1.3418285846710206,"z":-6.083624362945557},"rotation":{"x":-0.09310449659824372,"y":0.9008477330207825,"z":-0.2363748401403427,"w":-0.35264283418655398},"size":3.397815465927124,"orthographic":false}