{"cameraMode":{"drawMode":0,"name":"Shaded","section":"Shading Mode"},"sceneLighting":true,"audioPlay":false,"sceneViewState":{"showFog":true,"showMaterialUpdate":false,"showSkybox":true,"showFlares":true,"showImageEffects":true,"showParticleSystems":true},"in2DMode":false,"pivot":{"x":8.579168319702149,"y":12.220677375793457,"z":-22.40660858154297},"rotation":{"x":0.037066083401441577,"y":0.9642844200134277,"z":-0.18157708644866944,"w":0.19159017503261567},"size":13.524099349975586,"orthographic":false}