{"cameraMode":{"drawMode":0,"name":"Shaded","section":"Shading Mode"},"sceneLighting":true,"audioPlay":false,"sceneViewState":{"showFog":true,"showMaterialUpdate":false,"showSkybox":true,"showFlares":true,"showImageEffects":true,"showParticleSystems":true},"in2DMode":false,"pivot":{"x":-3.8988072872161867,"y":6.937027931213379,"z":0.7028636932373047},"rotation":{"x":-0.07638522237539292,"y":0.9263327121734619,"z":-0.2770708501338959,"w":-0.24622395634651185},"size":7.0967631340026859,"orthographic":false}