{"cameraMode":{"drawMode":0,"name":"Shaded","section":"Shading Mode"},"sceneLighting":false,"audioPlay":false,"sceneViewState":{"showFog":true,"showMaterialUpdate":false,"showSkybox":true,"showFlares":true,"showImageEffects":true,"showParticleSystems":true},"in2DMode":false,"pivot":{"x":14.15999984741211,"y":8.14283561706543,"z":3.046990394592285},"rotation":{"x":0.02005249820649624,"y":-0.9723400473594666,"z":-0.09346284717321396,"w":-0.21536706387996674},"size":3.4509496688842775,"orthographic":false}