{"cameraMode":{"drawMode":0,"name":"Shaded","section":"Shading Mode"},"sceneLighting":false,"audioPlay":false,"sceneViewState":{"showFog":true,"showMaterialUpdate":false,"showSkybox":true,"showFlares":true,"showImageEffects":true,"showParticleSystems":true},"in2DMode":false,"pivot":{"x":0.18610000610351563,"y":0.19116425514221192,"z":-0.4264564514160156},"rotation":{"x":0.004183980170637369,"y":-0.9788473844528198,"z":0.2043495625257492,"w":0.01935002952814102},"size":10.287508964538575,"orthographic":false}