{"cameraMode":{"drawMode":0,"name":"Shaded","section":"Shading Mode"},"sceneLighting":true,"audioPlay":false,"sceneViewState":{"showFog":true,"showMaterialUpdate":false,"showSkybox":true,"showFlares":true,"showImageEffects":true,"showParticleSystems":true},"in2DMode":false,"pivot":{"x":0.9035361409187317,"y":8.360237121582032,"z":-5.302474498748779},"rotation":{"x":-0.014413831755518914,"y":0.9608414769172669,"z":-0.27697357535362246,"w":-0.03480053320527077},"size":12.002957344055176,"orthographic":false}