{"cameraMode":{"drawMode":0,"name":"Shaded","section":"Shading Mode"},"sceneLighting":false,"audioPlay":false,"sceneViewState":{"showFog":true,"showMaterialUpdate":false,"showSkybox":true,"showFlares":true,"showImageEffects":true,"showParticleSystems":true},"in2DMode":false,"pivot":{"x":1.0902382135391236,"y":1.7081679105758668,"z":5.901605606079102},"rotation":{"x":0.023145660758018495,"y":-0.9766823053359985,"z":0.1704208105802536,"w":0.12989065051078797},"size":0.9416996836662293,"orthographic":false}