{"cameraMode":{"drawMode":0,"name":"Shaded","section":"Shading Mode"},"sceneLighting":false,"audioPlay":false,"sceneViewState":{"showFog":true,"showMaterialUpdate":false,"showSkybox":true,"showFlares":true,"showImageEffects":true,"showParticleSystems":true},"in2DMode":false,"pivot":{"x":-2.599111795425415,"y":1.5353108644485474,"z":-1.869154691696167},"rotation":{"x":-0.08673867583274842,"y":-0.7340831756591797,"z":0.09542641043663025,"w":-0.6667776107788086},"size":1.7896342277526856,"orthographic":false}