{"cameraMode":{"drawMode":0,"name":"Shaded","section":"Shading Mode"},"sceneLighting":false,"audioPlay":false,"sceneViewState":{"showFog":true,"showMaterialUpdate":false,"showSkybox":true,"showFlares":true,"showImageEffects":true,"showParticleSystems":true},"in2DMode":false,"pivot":{"x":3.91337251663208,"y":1.318894863128662,"z":-1.0865023136138917},"rotation":{"x":-0.1087234616279602,"y":0.6561993956565857,"z":-0.09639319777488709,"w":-0.7405319213867188},"size":0.2896342873573303,"orthographic":false}