{"cameraMode":{"drawMode":0,"name":"Shaded","section":"Shading Mode"},"sceneLighting":true,"audioPlay":false,"sceneViewState":{"showFog":true,"showMaterialUpdate":false,"showSkybox":true,"showFlares":true,"showImageEffects":true,"showParticleSystems":true},"in2DMode":false,"pivot":{"x":0.0,"y":1.6490000486373902,"z":-3.5360000133514406},"rotation":{"x":0.07816529273986817,"y":0.6793603301048279,"z":-0.07254491001367569,"w":0.7264387011528015},"size":1.000259280204773,"orthographic":false}