{"cameraMode":{"drawMode":0,"name":"Shaded","section":"Shading Mode"},"sceneLighting":false,"audioPlay":false,"sceneViewState":{"showFog":true,"showMaterialUpdate":false,"showSkybox":true,"showFlares":true,"showImageEffects":true,"showParticleSystems":true},"in2DMode":false,"pivot":{"x":0.16687989234924317,"y":3.5771875381469728,"z":8.751500129699707},"rotation":{"x":0.3720991313457489,"y":-0.018151989206671716,"z":0.007137782406061888,"w":0.9280775189399719},"size":3.146310806274414,"orthographic":false}