{"cameraMode":{"drawMode":0,"name":"Shaded","section":"Shading Mode"},"sceneLighting":false,"audioPlay":false,"sceneViewState":{"showFog":true,"showMaterialUpdate":false,"showSkybox":true,"showFlares":true,"showImageEffects":true,"showParticleSystems":true},"in2DMode":false,"pivot":{"x":-2.0157454013824465,"y":-7.669212818145752,"z":-2.7455716133117677},"rotation":{"x":0.05313325300812721,"y":-0.8955432176589966,"z":0.42796599864959719,"w":0.110927052795887},"size":13.548609733581543,"orthographic":false}