{"cameraMode":{"drawMode":0,"name":"Shaded","section":"Shading Mode"},"sceneLighting":false,"audioPlay":false,"sceneViewState":{"showFog":true,"showMaterialUpdate":false,"showSkybox":true,"showFlares":true,"showImageEffects":true,"showParticleSystems":true},"in2DMode":false,"pivot":{"x":-5.0394978523254398,"y":3.830369472503662,"z":-7.029469013214111},"rotation":{"x":0.14718608558177949,"y":0.5886270403862,"z":-0.11003277450799942,"w":0.7873008847236633},"size":2.8578836917877199,"orthographic":false}