{"cameraMode":{"drawMode":0,"name":"Shaded","section":"Shading Mode"},"sceneLighting":false,"audioPlay":false,"sceneViewState":{"showFog":true,"showMaterialUpdate":false,"showSkybox":true,"showFlares":true,"showImageEffects":true,"showParticleSystems":true},"in2DMode":false,"pivot":{"x":-1.5596063137054444,"y":2.7191543579101564,"z":10.19162368774414},"rotation":{"x":-0.008236955851316452,"y":-0.9892883896827698,"z":0.13169251382350923,"w":-0.06515450775623322},"size":0.11061292886734009,"orthographic":false}