{"cameraMode":{"drawMode":0,"name":"Shaded","section":"Shading Mode"},"sceneLighting":false,"audioPlay":false,"sceneViewState":{"showFog":true,"showMaterialUpdate":false,"showSkybox":true,"showFlares":true,"showImageEffects":true,"showParticleSystems":true},"in2DMode":false,"pivot":{"x":-15.804532051086426,"y":-0.5245331525802612,"z":-0.865868091583252},"rotation":{"x":0.00213561300188303,"y":0.992782473564148,"z":-0.1230374127626419,"w":0.010088368318974972},"size":8.121018409729004,"orthographic":false}