{"cameraMode":{"drawMode":0,"name":"Shaded","section":"Shading Mode"},"sceneLighting":false,"audioPlay":false,"sceneViewState":{"showFog":true,"showMaterialUpdate":false,"showSkybox":true,"showFlares":true,"showImageEffects":true,"showParticleSystems":true},"in2DMode":false,"pivot":{"x":-6.003573417663574,"y":1.2537293434143067,"z":0.16776418685913087},"rotation":{"x":-0.1650642454624176,"y":0.6728089451789856,"z":-0.15703065693378449,"w":-0.7040809392929077},"size":6.792760848999023,"orthographic":false}