{"cameraMode":{"drawMode":0,"name":"Shaded","section":"Shading Mode"},"sceneLighting":false,"audioPlay":false,"sceneViewState":{"showFog":true,"showMaterialUpdate":false,"showSkybox":true,"showFlares":true,"showImageEffects":true,"showParticleSystems":true},"in2DMode":false,"pivot":{"x":-7.313957691192627,"y":0.6384456157684326,"z":0.978309154510498},"rotation":{"x":-0.15194398164749146,"y":0.532254159450531,"z":-0.09805330634117127,"w":-0.8272066712379456},"size":3.589632749557495,"orthographic":false}