{"cameraMode":{"drawMode":0,"name":"Shaded","section":"Shading Mode"},"sceneLighting":false,"audioPlay":false,"sceneViewState":{"showFog":true,"showMaterialUpdate":false,"showSkybox":true,"showFlares":true,"showImageEffects":true,"showParticleSystems":true},"in2DMode":false,"pivot":{"x":-5.8405961990356449,"y":2.2722432613372804,"z":1.7313554286956788},"rotation":{"x":-0.10445288568735123,"y":0.7044531106948853,"z":-0.10525000095367432,"w":-0.6943087577819824},"size":6.792760848999023,"orthographic":false}