{"cameraMode":{"drawMode":0,"name":"Shaded","section":"Shading Mode"},"sceneLighting":true,"audioPlay":false,"sceneViewState":{"showFog":true,"showMaterialUpdate":false,"showSkybox":true,"showFlares":true,"showImageEffects":true,"showParticleSystems":true},"in2DMode":false,"pivot":{"x":1.356907844543457,"y":7.128878593444824,"z":-0.21257519721984864},"rotation":{"x":-0.006259137764573097,"y":0.943050742149353,"z":-0.33442145586013796,"w":-0.010051114484667778},"size":1.3724243640899659,"orthographic":false}