{"cameraMode":{"drawMode":0,"name":"Shaded","section":"Shading Mode"},"sceneLighting":false,"audioPlay":false,"sceneViewState":{"showFog":true,"showMaterialUpdate":false,"showSkybox":true,"showFlares":true,"showImageEffects":true,"showParticleSystems":true},"in2DMode":false,"pivot":{"x":-0.4273154139518738,"y":-0.4391341507434845,"z":1.7912507057189942},"rotation":{"x":0.09617073833942414,"y":-0.020564040169119836,"z":0.001798554789274931,"w":0.995426595211029},"size":5.611748218536377,"orthographic":false}