{"cameraMode":{"drawMode":0,"name":"Shaded","section":"Shading Mode"},"sceneLighting":false,"audioPlay":false,"sceneViewState":{"showFog":true,"showMaterialUpdate":false,"showSkybox":true,"showFlares":true,"showImageEffects":true,"showParticleSystems":true},"in2DMode":false,"pivot":{"x":-5.877693176269531,"y":1.036500096321106,"z":0.377194881439209},"rotation":{"x":-0.18072178959846497,"y":0.6571468710899353,"z":-0.1658930778503418,"w":-0.7129403948783875},"size":5.59276008605957,"orthographic":false}