{"cameraMode":{"drawMode":0,"name":"Shaded","section":"Shading Mode"},"sceneLighting":false,"audioPlay":false,"sceneViewState":{"showFog":true,"showMaterialUpdate":false,"showSkybox":true,"showFlares":true,"showImageEffects":true,"showParticleSystems":true},"in2DMode":false,"pivot":{"x":-1.739749550819397,"y":0.4460890293121338,"z":-3.820791721343994},"rotation":{"x":0.0450761653482914,"y":0.3560866415500641,"z":-0.01733706146478653,"w":0.9332942366600037},"size":1.3578839302062989,"orthographic":false}