{"cameraMode":{"drawMode":0,"name":"Shaded","section":"Shading Mode"},"sceneLighting":false,"audioPlay":false,"sceneViewState":{"showFog":true,"showMaterialUpdate":false,"showSkybox":true,"showFlares":true,"showImageEffects":true,"showParticleSystems":true},"in2DMode":false,"pivot":{"x":9.119620323181153,"y":-2.779664993286133,"z":8.753833770751954},"rotation":{"x":-0.007682266179472208,"y":-0.11024661362171173,"z":0.001586594502441585,"w":-0.9941008687019348},"size":0.20457082986831666,"orthographic":false}