{"cameraMode":{"drawMode":0,"name":"Shaded","section":"Shading Mode"},"sceneLighting":false,"audioPlay":false,"sceneViewState":{"showFog":true,"showMaterialUpdate":false,"showSkybox":true,"showFlares":true,"showImageEffects":true,"showParticleSystems":true},"in2DMode":false,"pivot":{"x":0.5442408323287964,"y":0.4070051312446594,"z":0.047492027282714847},"rotation":{"x":-0.13638781011104585,"y":-0.006843497510999441,"z":0.0008951688650995493,"w":-0.9906833171844482},"size":3.610365390777588,"orthographic":false}