{"cameraMode":{"drawMode":0,"name":"Shaded","section":"Shading Mode"},"sceneLighting":true,"audioPlay":false,"sceneViewState":{"showFog":true,"showMaterialUpdate":false,"showSkybox":true,"showFlares":true,"showImageEffects":true,"showParticleSystems":true},"in2DMode":false,"pivot":{"x":5.4701642990112309,"y":-7.3261919021606449,"z":3.952712059020996},"rotation":{"x":0.32931074500083926,"y":0.20032109320163728,"z":-0.072151780128479,"w":0.9200519323348999},"size":25.675134658813478,"orthographic":false}